{"node_count": 3, "total_ops": 59, "throughput_ops_sec": 1.9595929119359126, "avg_latency_ms": 3.724979142011222}
{"node_count": 5, "total_ops": 60, "throughput_ops_sec": 1.9669028261377437, "avg_latency_ms": 3.2160162925720215}
{"node_count": 8, "total_ops": 59, "throughput_ops_sec": 1.9663322956392781, "avg_latency_ms": 3.3131979279598944}
